age,sex,cp,trestbps,chol,fbs,restecg,thalach,exang,oldpeak,slope,ca,thal
73,1,1,168,469,0,2,114,0,1.2392649413298,0,3,1
49,0,3,100,147,0,0,100,1,4.6493,1,2,1
48,0,2,155,563,0,1,96,1,2.5,2,0,0
52,1,2,173,411,0,0,97,1,0.86807508371,0,2,1
59,0,0,143,335,0,1,112,0,1.458,2,3,0
76,0,2,146,343,0,1,85,0,2.618121269447,0,1,0
57,1,1,200,468,0,0,80,0,4.5454172356,2,3,1
49,0,0,198,466,1,1,92,1,5.6,1,2,2
36,1,0,191,141,0,1,85,1,5.8895,2,1,2
64,1,2,143,463,1,2,135,1,1.3725234364539,1,1,2